utheraniskande@gmail.com:~/environment/TheresaNde/Database $ npm init
This utility will walk you through creating a package.json file.
It only covers the most common items, and tries to guess sensible defaults.

See `npm help init` for definitive documentation on these fields
and exactly what they do.

Use `npm install <pkg>` afterwards to install a package and
save it as a dependency in the package.json file.

Press ^C at any time to quit.
package name: (database) 
version: (1.0.0) 
description: 
entry point: (createTable.js) 
test command: 
git repository: 
keywords: 
author: 
license: (ISC) 
About to write to /home/ubuntu/environment/TheresaNde/Database/package.json:

{
  "name": "database",
  "version": "1.0.0",
  "description": "",
  "main": "createTable.js",
  "scripts": {
    "test": "echo \"Error: no test specified\" && exit 1"
  },
  "author": "",
  "license": "ISC"
}


Is this OK? (yes) 
utheraniskande@gmail.com:~/environment/TheresaNde/Database $ npm install pg
npm notice created a lockfile as package-lock.json. You should commit this file.
npm WARN database@1.0.0 No description
npm WARN database@1.0.0 No repository field.

+ pg@8.5.1
added 20 packages from 11 contributors and audited 20 packages in 1.057s

1 package is looking for funding
  run `npm fund` for details

found 0 vulnerabilities

utheraniskande@gmail.com:~/environment/TheresaNde/Database $ sudo apt-get install postgresql-client
Reading package lists... Done
Building dependency tree       
Reading state information... Done
postgresql-client is already the newest version (10+190ubuntu0.1).
0 upgraded, 0 newly installed, 0 to remove and 13 not upgraded.
utheraniskande@gmail.com:~/environment/TheresaNde/Database $ node createTable.js
Connected to database
Team Table Created Successfully
Result {
  command: 'CREATE',
  rowCount: null,
  oid: null,
  rows: [],
  fields: [],
  _parsers: undefined,
  _types:
   TypeOverrides {
     _types:
      { getTypeParser: [Function: getTypeParser],
        setTypeParser: [Function: setTypeParser],
        arrayParser: [Object],
        builtins: [Object] },
     text: {},
     binary: {} },
  RowCtor: null,
  rowAsArray: false }
^C
utheraniskande@gmail.com:~/environment/TheresaNde/Database $ node insertData.js
Connected to database
Inserted data into table successfully
Result {
  command: 'INSERT',
  rowCount: 8,
  oid: 0,
  rows: [],
  fields: [],
  _parsers: undefined,
  _types:
   TypeOverrides {
     _types:
      { getTypeParser: [Function: getTypeParser],
        setTypeParser: [Function: setTypeParser],
        arrayParser: [Object],
        builtins: [Object] },
     text: {},
     binary: {} },
  RowCtor: null,
  rowAsArray: false }
^C
utheraniskande@gmail.com:~/environment/TheresaNde/Database $ psql -h traineedb.cgq0reqixqsd.us-east-1.rds.amazonaws.com -d postgres -U traineeUser
Password for user traineeUser: 
psql (10.15 (Ubuntu 10.15-0ubuntu0.18.04.1), server 12.4)
WARNING: psql major version 10, server major version 12.
         Some psql features might not work.
SSL connection (protocol: TLSv1.2, cipher: ECDHE-RSA-AES256-GCM-SHA384, bits: 256, compression: off)
Type "help" for help.

postgres=> \dt
                 List of relations
 Schema |        Name         | Type  |    Owner    
--------+---------------------+-------+-------------
 public | teamchukwuemeka2021 | table | traineeUser
 public | teammanifest2022    | table | traineeUser
 public | teamtheresande2021  | table | traineeUser
(3 rows)

postgres=> select * teamtheresande2021
postgres-> ;
ERROR:  syntax error at or near "teamtheresande2021"
LINE 1: select * teamtheresande2021
                 ^
postgres=> select * from teamtheresande2021;
 id | name  | age | department  | role |  status   | createed_dt 
----+-------+-----+-------------+------+-----------+-------------
  1 | Sarah |   5 | Accounting  | PM   | Activated | 2020-01-01
  2 | Tim   |  10 | Engineering | QA   | Pending   | 2020-02-01
  3 | Joe   |  17 | Management  | PM   | Activated | 2020-02-01
  4 | Tolu  |  25 | Management  | DEV  | Activated | 2020-02-01
  5 | Rob   |   5 | Engineering | QA   | Activated | 2020-03-01
  6 | Ade   |  10 | Management  | QA   | Pending   | 2020-04-01
  7 | Tom   |  17 | Security    | QA   | Activated | 2020-05-01
  8 | Jide  |  26 | Accounting  | DEV  | Activated | 2020-06-01
(8 rows)

postgres=> SELECT COUNT (ID) FROM [teamtheresande2021];
ERROR:  syntax error at or near "["
LINE 1: SELECT COUNT (ID) FROM [teamtheresande2021];
                               ^
postgres=> select count (id) from teamtheresande2021 ;
 count 
-------
     8
(1 row)

postgres=> select count 
postgres-> 
postgres-> 
postgres-> 
postgres-> 
postgres-> 
postgres-> 
postgres-> 
postgres-> 
postgres-> 
postgres-> 
postgres-> ;
ERROR:  column "count" does not exist
LINE 1: select count 
               ^
postgres=> select count (department) from teamtheresande2021 where department='Accounting';
 count 
-------
     2
(1 row)

postgres=> select count (status) from teamtheresande2021 where status='Pending';
 count 
-------
     2
(1 row)

postgres=> select top 5 * from teamtheresande2021;
ERROR:  syntax error at or near "5"
LINE 1: select top 5 * from teamtheresande2021;
                   ^
postgres=> limit 5 from teamtheresande2021;                                                                                                                     
ERROR:  syntax error at or near "limit"
LINE 1: limit 5 from teamtheresande2021;
        ^
postgres=> select * from teamtheresande2021 where age between 18 and 26;
 id | name | age | department | role |  status   | createed_dt 
----+------+-----+------------+------+-----------+-------------
  4 | Tolu |  25 | Management | DEV  | Activated | 2020-02-01
  8 | Jide |  26 | Accounting | DEV  | Activated | 2020-06-01
(2 rows)

postgres=> select from teamtheresande2021 where createed_dt='2021-02-01'
postgres-> ;
--
(0 rows)

postgres=> select from teamtheresande2021 where createed_dt='2020-02-01';                                                                                       
--
(3 rows)

postgres=> select * from teamtheresande2021 where createed_dt='2020-02-01';
 id | name | age | department  | role |  status   | createed_dt 
----+------+-----+-------------+------+-----------+-------------
  2 | Tim  |  10 | Engineering | QA   | Pending   | 2020-02-01
  3 | Joe  |  17 | Management  | PM   | Activated | 2020-02-01
  4 | Tolu |  25 | Management  | DEV  | Activated | 2020-02-01
(3 rows)

postgres=> select * from teamtheresande2021 where createed_dt between '2020-04-01' and '2020-06-01';
 id | name | age | department | role |  status   | createed_dt 
----+------+-----+------------+------+-----------+-------------
  6 | Ade  |  10 | Management | QA   | Pending   | 2020-04-01
  7 | Tom  |  17 | Security   | QA   | Activated | 2020-05-01
  8 | Jide |  26 | Accounting | DEV  | Activated | 2020-06-01
(3 rows)

postgres=> update teamtheresande2021 set status='Activated' where status='Pending';
UPDATE 2
postgres=> update teamtheresande2021 set name='Timothy' where name='Tim';
UPDATE 1
postgres=> select count(id), department from teamtheresande2021 group by department;
 count | department  
-------+-------------
     2 | Accounting
     1 | Security
     2 | Engineering
     3 | Management
(4 rows)

postgres=> select top 5 * from teamtheresande2021;
ERROR:  syntax error at or near "5"
LINE 1: select top 5 * from teamtheresande2021;
                   ^
postgres=> select * from teamtheresande2021 limit 5;
 id | name  | age | department  | role |  status   | createed_dt 
----+-------+-----+-------------+------+-----------+-------------
  1 | Sarah |   5 | Accounting  | PM   | Activated | 2020-01-01
  3 | Joe   |  17 | Management  | PM   | Activated | 2020-02-01
  4 | Tolu  |  25 | Management  | DEV  | Activated | 2020-02-01
  5 | Rob   |   5 | Engineering | QA   | Activated | 2020-03-01
  7 | Tom   |  17 | Security    | QA   | Activated | 2020-05-01
(5 rows)

postgres=> select * from teamtheresande2021;
 id |  name   | age | department  | role |  status   | createed_dt 
----+---------+-----+-------------+------+-----------+-------------
  1 | Sarah   |   5 | Accounting  | PM   | Activated | 2020-01-01
  3 | Joe     |  17 | Management  | PM   | Activated | 2020-02-01
  4 | Tolu    |  25 | Management  | DEV  | Activated | 2020-02-01
  5 | Rob     |   5 | Engineering | QA   | Activated | 2020-03-01
  7 | Tom     |  17 | Security    | QA   | Activated | 2020-05-01
  8 | Jide    |  26 | Accounting  | DEV  | Activated | 2020-06-01
  6 | Ade     |  10 | Management  | QA   | Activated | 2020-04-01
  2 | Timothy |  10 | Engineering | QA   | Activated | 2020-02-01
(8 rows)

postgres=> select * from teamtheresande2021 limit 5 order by id;
ERROR:  syntax error at or near "order"
LINE 1: select * from teamtheresande2021 limit 5 order by id;
                                                 ^
postgres=> select * from teamtheresande2021 order by id desc limit 5;
 id | name | age | department  | role |  status   | createed_dt 
----+------+-----+-------------+------+-----------+-------------
  8 | Jide |  26 | Accounting  | DEV  | Activated | 2020-06-01
  7 | Tom  |  17 | Security    | QA   | Activated | 2020-05-01
  6 | Ade  |  10 | Management  | QA   | Activated | 2020-04-01
  5 | Rob  |   5 | Engineering | QA   | Activated | 2020-03-01
  4 | Tolu |  25 | Management  | DEV  | Activated | 2020-02-01
(5 rows)

postgres=> select * from teamtheresande2021 order by id asc limit 5;
 id |  name   | age | department  | role |  status   | createed_dt 
----+---------+-----+-------------+------+-----------+-------------
  1 | Sarah   |   5 | Accounting  | PM   | Activated | 2020-01-01
  2 | Timothy |  10 | Engineering | QA   | Activated | 2020-02-01
  3 | Joe     |  17 | Management  | PM   | Activated | 2020-02-01
  4 | Tolu    |  25 | Management  | DEV  | Activated | 2020-02-01
  5 | Rob     |   5 | Engineering | QA   | Activated | 2020-03-01
(5 rows)

postgres=> 